word,rootsword1,rootsword2
singjay,sing,deejay
fourtino,four,plutino
paradessence,paradox,essence
Spansule,span,capsule
vodkatini,vodka,martini
gastrophysics,galaxy,astrophysics
goodput,good,throughput
tromboon,trombone,bassoon
hipsterati,hipster,literati
kytoon,kite,balloon
conifold,conic,manifold
pralidoxime,pyridine,aldoxime
surfari,surf,safari
crocoduck,crocodile,duck
chillstep,chill,dubstep
wackaging,wacky,packaging
sympitar,sympathetic,guitar
sextopia,sex,utopia
intervising,Internet,televising
glambassador,glamour,ambassador
glocalization,global,localization
playshop,play,workshop
twirties,twenties,thirties
topepo,tomato,pepper
infotopia,information,utopia
kapoof,kaput,poof
Eskaleutic,Eskimo,Aleutic
Veganuary,vegan,January
kimslaw,kimchi,coleslaw
learnfare,learn,welfare
brohawk,bro,Mohawk
helislab,helical,slab
cosmid,cos,plasmid
seastead,sea,homestead
churnover,churn,takeover
Japanoise,Japanese,noise
whooty,white,booty
biostitute,biology,prostitute
decaversary,decade,anniversary
teenophile,teen,paedophile
diplolingo,diplomat,lingo
Pestminster,pest,Westminster
Calpine,California,alpine
peptidome,peptide,genome
repunit,repeated,unit
gnarlsome,gnarly,awesome
fintech,finance,tech
celebretard,celebrity,retard
hyote,hyena,coyote
Britlish,British,English
haylage,hay,silage
condotel,condo,hotel
Floribama,Florida,Alabama
sexorcism,sex,exorcism
stonerific,stoner,terrific
steezy,style,easy
carbivore,carb,carnivore
tangemon,tangerine,lemon
bromantic,brother,romantic
arachnerd,arachnid,nerd
parafango,paraffin,fango
tutulemma,tutulma,analemma
yepperoni,yep,pepperoni
meacock,meek,peacock
pervaporation,permeation,evaporation
donkra,donkey,zebra
lunner,lunch,dinner
fleaker,flask,beaker
lettergram,letter,telegram
yakow,yak,cow
webfolio,Web,portfolio
landscraper,land,skyscraper
pornstache,porn,moustache
hypercane,hyper,hurricane
confuddle,confuse,befuddle
beergarita,beer,margarita
altazimuth,altitude,azimuth
Cincitucky,Cincinnati,Kentucky
vegeburger,vegetable,burger
subvertising,subvert,advertising
ricecel,rice,incel
terribad,terrible,bad
mantyhose,man,pantyhose
Sportianity,sport,Christianity
protomer,prototropy,tautomer
motelier,motel,hotelier
murbie,market,urbanist
slumburb,slum,suburb
linish,linen,finish
ukelin,ukelele,violin
bromantical,brother,romantical
fitspiration,fit,inspiration
Thronesiverse,thrones,universe
thumbboard,thumb,keyboard
barstaurant,bar,restaurant
bancorporation,bank,corporation
phallusy,phallus,fallacy
blognoscenti,blog,cognoscenti
rollick,roll,frolic
scrunge,scrounge,scrunch
brandscape,brand,landscape
firmographics,firm,demographics
pagejacking,page,hijacking
mumoir,mum,memoir
Jewtube,Jew,YouTube
cowhand,cow,hand
mecomtronics,mechanics,computers
wambulance,wah,ambulance
womanifesto,woman,manifesto
motopia,motor,utopia
sexcessory,sex,accessory
alphasort,alphabet,sort
protocoligorically,protocol,categorically
kegerator,keg,refrigerator
starchitecture,star,architecture
typosquatting,typo,cybersquatting
Amerenglish,American,English
shamburger,sham,hamburger
promission,pro,submission
wanksta,wannabe,gangsta
simplicate,simple,complicate
skeezy,sleazy,sketchy
compomer,composite,ionomer
smexting,smoking,texting
Pharmageddon,pharmaceutical,Armageddon
filmanthropy,film,philanthropy
Christlam,Christianity,Islam
dickture,dick,picture
pubcaster,public,broadcaster
abilitude,ability,aptitude
guanase,guanine,deaminase
warmist,warm,alarmist
fauxmance,faux,romance
psybient,psytrance,ambient
cuboctahedron,cube,octahedron
artotype,art,autotype
scratchiti,scratch,graffiti
jetiquette,jet,etiquette
inflammaging,inflammation,aging
broket,broken,bracket
perstraction,permeation,extraction
absitively,absolutely,positively
circumfetishist,circumcision,fetishist
Bluerina,blue,Amberina
bullgine,bull,engine
Remoaner,Remainer,moaner
probit,probability,unit
craptabulous,crap,fantabulous
indiglucin,indican,glucin
ShamWow,chamois,wow
plasteel,plastic,steel
cohog,quahog,quahog
webvertising,Web,advertising
spokesbear,spokesman,bear
lowline,low,slackline
crapplet,crap,applet
twigloo,twig,igloo
bicon,bisexual,icon
nonebrity,nonentity,celebrity
japow,Japan,pow
flubber,flying,rubber
bonerific,boner,terrific
posedown,pose,showdown
televisionary,television,visionary
malternative,malt,alternative
slowth,slouthe,slewthe
sportscaster,sports,broadcaster
slawdog,slaw,hotdog
genitorture,genital,torture
visioneering,vision,engineering
Maniloony,Manilow,loony
azaleamum,azalea,chrysanthemum
snottite,snot,stalactite
Retardican,retard,Republican
mingy,mean,stingy
yogasm,yoga,orgasm
halterkini,halter,bikini
snoozle,snooze,nuzzle
wraggle,wriggle,waggle
bodyjack,body,hijack
kiddiot,kid,idiot
snuzzle,snuggle,nuzzle
turken,turkey,chicken
gook,goop,gunk
priestianity,priest,Christianity
gription,grip,traction
eggnant,egg,pregnant
submarium,submarine,aquarium
vehophobia,vehicle,phobia
angledozer,angle,bulldozer
slingkini,slingshot,bikini
imesatin,imide,isatin
cankle,calf,ankle
bytesexual,byte,bisexual
servibar,service,bar
televangelize,television,evangelize
unipeg,unicorn,Pegasus
throuple,three,couple
tablebase,table,database
lesbionic,lesbian,bionic
docudramatize,docudrama,dramatize
helichopper,helicopter,chopper
tablemount,table,seamount
posilutely,positively,absolutely
rotamer,rotation,isomer
scruze,screw,squeeze
trimnasium,trim,gymnasium
wannarexic,wannabe,anorexic
velocipedestrienne,velocipede,pedestrienne
cannabisseur,cannabis,connoisseur
pelfie,petie
glucuronic,glucose,uronic
anthropornography,anthropomorphic,pornography
fauxtato,faux,potato
pancrelipase,pancreatic,lipase
fourpeat,four,repeat
dartist,dart,artist
satnav,satellite,navigation
fastpack,fast,backpack
sexsational,sex,sensational
troons,trousers,pantaloons
airbrasion,air,abrasion
clicktivist,click,activist
circumfetishism,circumcision,fetishism
sexploration,sex,exploration
thrillmance,thriller,romance
surgicenter,surgical,center
hurtcore,hurt,hardcore
deskercise,desk,exercise
dockominium,dock,condominium
womanipulation,woman,manipulation
pupperware,pup,Tupperware
fuckstrated,fuck,frustrated
hebra,horse,zebra
frings,fries,rings
brandjacking,brand,hijacking
grindie,grime,indie
landphoon,land,typhoon
workamping,work,camping
manzilian,man,Brazilian
luppie,lesbian,yuppie
mumfluencer,mum,influencer
plantibody,plant,antibody
squizzle,squirt,drizzle
plasticulture,plastic,agriculture
smirt,smoke,flirt
guncle,gay,uncle
wean,wenen,wennen
gaycist,gay,racist
wishcycling,wish,recycling
linel,line,voxel
mannuronic,mannose,uronic
shoefiti,shoe,graffiti
poopsicle,poop,popsicle
sweetmeal,sweet,wholemeal
woodcrete,wood,concrete
scienticomic,scientifiction,comic
splog,spam,blog
sexcellent,sex,excellent
transflective,transmissive,reflective
sexhibitionist,sex,exhibitionist
seggae,sega,reggae
hellfare,hell,welfare
bikeshed,bike,shed
endoleak,endovascular,leak
barristor,barrier,transistor
dystrochrept,dystrophic,ochrept
skeptimist,skeptic,optimist
melatonin,melanin,serotonin
Retrumplican,Republican,Trump
zebrass,zebra,ass
tobacconalian,tobacco,Bacchanalian
homeboy,hometown,boy
douchebro,douchebag,dudebro
argonium,argon,onium
galvanneal,galvanize,anneal
flexisexual,flexible,sexual
watercoaster,water,rollercoaster
nollie,nose,ollie
Nazionist,Nazi,Zionist
hoejabi,hoe,hijabi
twofie,twoie
fapstronaut,fap,astronaut
glindex,glossary,index
Amabot,Amazon,bot
chocnut,chocolate,peanut
sismantic,sis,romantic
futch,femme,butch
pectose,pectic,cellulose
Twitterati,twitter,literati
shellfishing,shellfish,fishing
vertilinear,vertical,linear
orthonormal,orthogonal,normal
machinofacture,machine,manufacture
entreprenerd,entrepreneur,nerd
preferendum,prefer,referendum
squaffle,squash,waffle
Finglish,Finnish,English
sickular,sick,secular
motorail,motor,rail
violaniline,violet,aniline
daffynition,daffy,definition
brainordinate,brain,coordinate
tesseral,tessara,numeral
mogas,motorcar,gasoline
helplessdesk,helpless,helpdesk
spinternet,spin,Internet
currycel,curry,incel
threadjacking,thread,hijacking
chifforobe,chiffonier,wardrobe
devilock,devil,lock
trumpophone,trumpet,saxophone
anthropologian,anthropologist,theologian
volumetrics,volume,metrics
guybrows,guy,eyebrows
memcomputer,mem,computer
washlet,wash,toilet
spunk,spark,funk
pivalaldehyde,pivalic,aldehyde
acafan,academic,fan
downcycle,down,recycle
grocerant,grocery,restaurant
housebuilder,house,builder
ciphony,cipher,telephony
whitewishing,whitewashing,wishing
autocade,auto,cavalcade
finickity,finicky,pernickety
helldesk,hell,helpdesk
thoughtography,thought,photography
zebrule,zebra,mule
Fappening,fap,happening
bandkini,bandeau,bikini
aquacade,aqua,cavalcade
fipo,first,post
sidequel,side,sequel
cinnamaverine,cinnamyl,papaverine
bitnik,bit,beatnik
intimatopia,intimate,utopia
celebreality,celebrity,reality
funemployed,fun,unemployed
Blatino,black,Latino
communiversity,community,university
varray,variable,array
blogography,blog,biography
clearomizer,clear,atomizer
prequential,predictive,sequential
tradigital,traditional,digital
commognition,communication,cognition
earcon,ear,icon
bulimorexia,bulimia,anorexia
Wimbleware,Wimbledon,Edgware
parkitecture,park,architecture
waterfrontage,waterfront,frontage
manshake,man,handshake
Chrislam,Christian,Islam
Euramerica,Europe,America
alternarock,alternative,rock
Rastaman,Rastafari,man
plastiglass,plastic,glass
volunpeer,volunteer,peer
heartistic,heart,artistic
privatopia,private,utopia
velocipedestrian,velocipede,pedestrian
dipshidiot,dipshit,idiot
multinacci,multiple,Fibonacci
puccalo,pucker,piccolo
dykon,dyke,icon
alphamerical,alphabetical,numerical
conreport,convention,report
liotrix,liothyronine,levothyroxine
steganalysis,steganographic,analysis
cinnamedrine,cinnamyl,ephedrine
Instaceleb,Instagram,celeb
piscola,pisco,cola
Remainiac,remain,maniac
tanorexic,tan,anorexic
sunquat,sun,kumquat
stringkini,string,bikini
Brexshit,Brexit,shit
sinthomosexual,sinthome,homosexual
menoporsche,menopause,Porsche
furoin,furan,benzoin
medroxyprogesterone,methyl,hydroxyprogesterone
clausarin,Clausena,coumarin
muconic,mucic,itaconic
gametologue,gamete,homologue
glitterbilly,glitter,hillbilly
EUSSR,EU,USSR
insulysin,insulin,lysin
Ghallywood,Ghana,Hollywood
rauding,reading,auding
moombahton,Moombah,reggaeton
calcrete,calcium,concrete
ecumaniac,ecumenical,maniac
wakeover,wake,sleepover
meteotsunami,meteorological,tsunami
Americunt,American,cunt
handraulic,hand,hydraulic
sturddlefish,sturgeon,paddlefish
strollerobics,stroller,aerobics
femvertising,feminism,advertising
overguesstimate,overestimate,guesstimate
Muslamic,Muslim,Islamic
vegaquarian,vegetarian,aquarian
prolotherapy,proliferation,therapy
corright,correct,right
hopeium,hope,opium
Instapoetry,Instagram,poetry
coronavirion,coronavirus,virion
wignat,wigger,nationalist
entreprenertia,entrepreneur,inertia
Mahomie,Mahone,homie
teknival,techno,festival
shopstead,shop,homestead
chatterati,chatter,literati
bustitution,bus,substitution
Europasian,European,Asian
travelator,travel,escalator
dubtronica,dub,electronica
alicyclic,aliphatic,cyclic
squarsonage,squire,parsonage
cybrary,cyber,library
sysprog,system,programmer
heirhead,heir,airhead
Brexocalypse,Brexit,apocalypse
laplet,laptop,tablet
eggciting,egg,exciting
coltan,columbite,tantalite
natlang,natural,language
sportscasting,sports,broadcasting
cellotaph,cellophane,cenotaph
rocktronic,rock,electronic
Prislam,prison,Islam
geeksta,geek,gangsta
skirtini,skirt,bikini
barbell,bar,dumbbell
Talibangelical,Taliban,evangelical
chrominance,chroma,luminance
beertini,beer,martini
manscara,man,mascara
tertamyl,tertiary,amyl
voluntourist,volunteer,tourist
benchmarketing,benchmark,marketing
volcel,voluntary,celibate
sexpletive,sex,expletive
clicktivism,click,activism
desirement,desire,requirement
Freecycle,free,recycle
trainiac,train,maniac
dogtective,dog,detective
adlayer,adsorb,layer
chairoplane,chair,aeroplane
roflcopter,rofl,helicopter
textiquette,text,etiquette
becurtovirus,beet,curly
idiotorial,idiot,editorial
fragnet,fragmentary,network
servlet,server,applet
palmitoleic,palmitic,oleic
spacedive,space,skydive
Hanfic,Hanson,fanfic
lamalginite,lamina,alginite
funkadelia,funk,psychedelia
twintron,twin,intron
Polexit,Poland,exit
orgone,organism,hormone
obeast,obese,beast
techlash,tech,backlash
Thanksmas,Thanksgiving,Christmas
cashtag,cash,hashtag
seatron,sea,citron
awesomazing,awesome,amazing
peganism,paleodiet,veganism
scyllatoxin,Scylla,toxin
infotisement,information,advertisement
tempofrost,temporary,frost
poorism,poor,tourism
snoopervision,snoop,supervision
bromidiom,bromide,idiom
collectin,collagen,lectin
osmiridium,osmium,iridium
prednylidene,prednisolone,methylidene
fanslator,fan,translator
fuzlocillin,furan,azlocillin
cellco,cell,telco
Floyder,Floyd,loiter
Sensex,sensitive,index
hydricity,hydrogen,electricity
Pennsyltucky,Pennsylvania,Kentucky
vishing,voice,phishing
snirt,snow,dirt
wikitorial,editorial
Twihard,twilight,diehard
cascode,cascade,cathode
azuresin,azure,resin
hindcast,hind,forecast
coxarthrosis,coxa,arthrosis
feminar,feminist,seminar
secobarbital,Seconal,pentobarbital
teatox,tea,detox
polony,bologna,palone
apprecihate,appreciate,hate
Runet,Russian,Internet
permatemp,permanent,temp
floofy,fluffy,poofy
estriol,estratriene,triol
blogorrhea,blog,logorrhea
Fordonomics,Ford,economics
flustrated,flustered,frustrated
purranormal,purr,paranormal
sexpat,sex,expat
correntropy,correlation,entropy
Windies,West,Indies
crotonylene,crotonic,acetylene
Kochtopus,Koch,octopus
alcolock,alcohol,lock
Affrilachian,African,Appalachian
pigopoly,pig,monopoly
trimmigrant,trim,immigrant
squadrilla,squadron,flotilla
communifake,communicate,fake
algorave,algorithmic,rave
hickster,hick,hipster
bungaloft,bungalow,loft
Beervana,beer,nirvana
blobitecture,blob,architecture
fourgie,four,orgy
cyclopentannulation,cyclopentane,annulation
peptibody,peptide,antibody
abzyme,antibody,enzyme
digitoxin,digitalis,toxin
geodome,geodesic,dome
RomneyCare,Romney,healthcare
Laurasia,Laurentia,Eurasia
enchirito,enchilada,burrito
racino,racetrack,casino
homocon,homosexual,conservative
atomtronics,atom,electronics
squoval,square,oval
Spangold,spangle,gold
himpathize,him,sympathize
cycloheptannulated,cycloheptane,annulated
oldcomer,old,newcomer
disulfiram,disulfide,thiuram
herstorian,her,historian
acedapsone,acetate,dapsone
tagball,tag,paintball
fishetarian,fish,vegetarian
twitticism,twit,witticism
pegan,paleo,vegan
copypasta,copy,paste
keezer,keg,freezer
Churchianity,church,Christianity
zetabetical,zeta,alphabetical
sheconomy,she,economy
malvertisement,malicious,advertisement
latrotoxin,Latrodectus,toxin
lipidome,lipid,genome
laminboard,laminate,board
slimnastics,slim,gymnastics
femcel,female,incel
calligraffiti,calligraphy,graffiti
typembryo,type,embryo
glasma,glass,plasma
slinch,slug,inch
webutation,Web,reputation
slushbreaker,slush,icebreaker
argipressin,arginine,vasopressin
microserf,Microsoft,serf
orangequat,orange,kumquat
Netlish,net,English
anternet,ant,internet
blogroll,blog,logroll
lumbersexual,lumberjack,metrosexual
parallelotope,parallelogram,polytope
slumpflation,slump,inflation
fanpire,fan,vampire
snurfer,snow,surfer
ellagitannin,ellagic,tannin
fantagonism,fan,antagonism
amphopropionate,amphoteric,propionate
yupster,yuppie,hipster
Wexit,west,exit
indietronica,indie,electronica
ruddervator,rudder,elevator
unmatchless,unmatched,matchless
Whitmaniac,Whitman,maniac
sextremist,sex,extremist
avoision,avoidance,evasion
shoefie,shoeie
silicene,silicon,graphene
retrad,retro,ad
nephling,nephew,sibling
avigation,aviation,navigation
scientifilm,scientifiction,film
architourist,architecture,tourist
blidget,blog,widget
pettiskirt,petticoat,skirt
twindemic,twin,pandemic
exitron,exon,intron
satellect,satellite,lect
misle,mist,drizzle
sexpertise,sex,expertise
drider,drow,spider
shellfishery,shellfish,fishery
notspot,not,hotspot
artographer,art,photographer
technorati,technology,literati
pisslamist,piss,Islamist
glamazonian,glamour,Amazonian
Dunglish,Dutch,English
militainment,military,entertainment
perillaldehyde,perilla,aldehyde
gazunder,gazump,under
Punycode,puny,Unicode
carideer,caribou,reindeer
camouflanguage,camouflage,language
annetocin,annelid,oxytocin
heroicomical,heroic,comical
bancorporation,bank,corporation
Manipogo,Manitoba,Ogopogo
flatform,flat,platform
heatronic,heat,electronic
ludomusicology,ludology,musicology
mayhole,maypole,hole
womanthrope,woman,misanthrope
naphthazarin,naphthalene,alizarin
metaverse,meta,Universe
fursona,fur,persona
hoffice,home,office
renoviction,renovation,eviction
parapinopsin,parapineal,opsin
fauxminist,faux,feminist
paytriot,pay,patriot
genethics,genetics,ethics
Islamerica,Islam,America
boatmobile,boat,bookmobile
brandwidth,brand,bandwidth
jumbrella,jumbo,umbrella
flamadiddle,flam,paradiddle
assosymmetric,associative,symmetric
edgel,edge,pixel
impasta,imposter,pasta
emergy,embodied,energy
beautility,beauty,utility
cannabutter,cannabis,butter
hunkvertising,hunk,advertising
acafandom,academic,fandom
spudzooka,spud,bazooka
tweezertrodes,tweezers,electrodes
fakeaway,fake,takeaway
gentamicin,gentian,kanamycin
snogaine,snow,rogaine
Czexit,Czech,exit
snowicane,snow,hurricane
xanbie,Xanax,zombie
electret,electricity,magnet
wolfaboo,wolf,weeaboo
midshipmite,midshipman,mite
acutangular,acute,angular
mefenamic,methyl,fenamic
frightmare,fright,nightmare
crafternoon,craft,afternoon
spacistor,space,transistor
subtopia,suburb,utopia
hunty,honey,cunt
illderly,ill,elderly
computronium,computer,neutronium
alphagram,alphabetical,alphabetical
succubitch,succubus,bitch
smectogen,smectic,mesogen
skyrmion,Skyrme,fermion
shortalls,short,overalls
boreout,bore,burnout
shants,shorts,pants
curlyhead,curly,head
mannaric,mannose,aldaric
mainspace,main,namespace
renovict,renovate,evict
sorostitute,sorority,prostitute
guesstimation,guess,estimation
transcribbler,transcriber,scribbler
Connecticunt,Connecticut,cunt
stealthie,stealthie
superheroics,superhero,heroics
beavage,beaver,cleavage
varactor,variable,reactor
wefie,weie
vaxxie,vaxie
crustache,crust,mustache
emulsoid,emulsion,colloid
mixel,mixed,pixel
biketard,bike,leotard
amnihook,amniotic,hook
blackfold,black,manifold
manjo,mandolin,banjo
atheitard,atheist,retard
virokine,virus,cytokine
Ocicat,ocelot,cat
permyriad,per,myriad
Mexamerican,Mexican,American
savingram,saving,telegram
collapsar,collapse,star
tricklining,trick,slacklining
Eastralia,east,Australia
mixmer,mixed,oligomer
Rastitute,Rastafarian,prostitute
catechase,catechol,dioxygenase
Trumpanzee,Trump,chimpanzee
televidiot,television,idiot
balloonacy,balloon,lunacy
goosander,goose,gander
trilliant,triangle,brilliant
clickjacking,click,hijacking
nativar,native,cultivar
chairmanager,chairman,manager
scramblevision,scramble,television
symlet,symmetry,wavelet
whippador,whippet,Labrador
gaymo,gay,homo
flashforward,flashback,forward
manganpyrosmalite,manganese,pyrosmalite
Playmander,Playford,gerrymander
polydeism,polytheism,deism
workcation,work,vacation
vortensity,vorticity,density
fursonal,fur,personal
clipmapping,clip,mipmapping
newgrass,new,bluegrass
feminerd,feminist,nerd
vajazzle,vagina,bedazzle
cavicapture,cavity,capture
foolosophy,fool,philosophy
superpussy,super,pussy
Toyger,toy,tiger
casamino,casein,amino
mankini,man,bikini
squirl,squiggle,twirl
feminationalism,feminism,nationalism
brandalism,brand,vandalism
morbimortality,morbidity,mortality
digraph,directed,graph
slavenapping,slave,kidnapping
fauxgressive,faux,progressive
Spederline,Spears,Federline
atelectrauma,atelectasis,trauma
adverticle,advertisement,article
deceleron,decelerate,aileron
faitheist,faith,atheist
homocapitalism,homosexual,capitalism
boxaerobics,boxing,aerobics
softworks,software,works
dramality,drama,reality
pedlock,pedestrian,gridlock
compunications,computer,communications
smothercate,smother,suffocate
moletronics,molecular,electronics
cigalike,cigarette,alike
Texhoma,Texas,Oklahoma
booboisie,boob,bourgeoisie
sextravaganza,sex,extravaganza
wisdumb,wisdom,dumb
girlery,girl,gallery
chromoclasm,chroma,iconoclasm
solunar,solar,lunar
obligala,obligatory,gala
weblication,Web,publication
jandal,Japanese,sandal
Dynamation,dynamic,animation
pregorexia,pregnancy,anorexia
fursonally,fur,personally
natimortality,natality,mortality
buffalypso,buffalo,calypso
cusec,cubic,second
mirthquake,mirth,earthquake
mamarazzi,mama,paparazzi
slackpack,slack,backpack
openture,open,closure
streatery,street,eatery
spoodle,spoon,ladle
democrazy,democracy,crazy
qubitope,qubit,chirotope
veganaise,vegan,mayonnaise
biballs,bib,overalls
intermestic,international,domestic
acetaldehyde,acetic,aldehyde
Fixit,Finland,exit
tendergroin,tenderloin,groin
Jamerican,Jamaican,American
incel,involuntary,celibate
radiogram,radio,telegram
memetics,meme,genetics
Twibel,Twitter,libel
ploonet,planet,moon
hatriot,hate,patriot
whiteanity,white,Christianity
dragadiddle,drag,paradiddle
stodgy,stodge,stog
mathemagical,mathematical,magical
fakelore,fake,folklore
dynafocal,dynamic,focal
cyclinac,cyclotron,linac
netpicker,net,nitpicker
eargasmic,ear,orgasmic
madware,mobile,adware
queerious,queer,curious
blawg,blog,law
indihumin,indican,humin
genrelization,genre,generalization
forevermore,forever,evermore
milblog,military,blog
fertigation,fertilize,irrigation
Arabtino,Arab,Latino
Mummerset,mummer,Somerset
frostbow,frost,rainbow
aquaponics,aquaculture,hydroponics
malestream,male,mainstream
muttrimony,mutt,matrimony
minac,minimum,activity
benzannulated,benzene,annulated
circloid,circle,cycloid
cancerette,cancer,cigarette
bumfoolery,bum,tomfoolery
fissban,fissile,ban
blunch,breakfast,lunch
cetalkonium,cetyl,benzalkonium
momic,mom,comic
femcunt,feminist,cunt
ufocal,UFO,focal
churnalist,churn,journalist
philosopause,philosophy,menopause
fuckstration,fuck,frustration
Jonsa,Jon,Sansa
sheroic,she,heroic
Snapchat,snapshot,chat
chatiquette,chat,etiquette
charismania,charisma,mania
tautism,tautology,autism
poshtel,posh,hostel
bullionaire,bullion,billionaire
logit,logistic,probit
heckfire,heck,hellfire
Europhoria,Europe,euphoria
Michigander,Michigan,gander
Euronesian,European,Polynesian
sloppery,slippery,sloppy
trioval,triangle,oval
seasteading,sea,homesteading
seekini,see,bikini
memristor,memory,resistor
brud,bro,bud
varistor,variable,resistor
craisin,cranberry,raisin
spoofball,spoof,goofball
chigga,Chinese,nigga
sexperience,sex,experience
watercise,water,exercise
whimperative,whimper,imperative
permalloy,permeable,alloy
wargasm,war,orgasm
cartooney,cartoon,attorney
deskfast,desk,breakfast
carbimazole,carboxylate,methimazole
laptronica,laptop,electronica
microphilia,micro,philia
purrfect,purr,perfect
plebvision,pleb,television
jounce,jolt,bounce
cyclarbamate,cyclopentyl,carbamate
muttnik,mutt,sputnik
yakalo,yak,buffalo
goalodicy,goal,theodicy
Vatileaks,Vatican,leaks
soundome,sound,dome
occutard,occupy,retard
Spander,Spike,Xander
splinternet,splinter,internet
rabbitat,rabbit,habitat
strawbana,strawberry,banana
carfie,carie
Texpatriate,Texas,expatriate
manstress,man,mistress
bronde,brunette,blonde
alkargen,alkarsin,oxygen
geekster,geek,hipster
numeracy,numerical,literacy
sneckdown,snow,neckdown
crantini,cranberry,martini
sphenocorona,sphenoid,corona
bikepacker,bike,backpacker
cupset,cup,upset
relfie,relationshipie
ascidiozooid,ascidium,zooid
Spuffy,Spike,Buffy
Cinerama,cinema,panorama
glyoxime,glyoxal,oxime
shitizen,shit,citizen
posolutely,positively,absolutely
phasor,phase,vector
poptimism,pop,optimism
bandikini,bandeau,bikini
dendrigraft,dendrimer,graft
theragnosis,therapy,diagnosis
lootocracy,loot,plutocracy
flexisexuality,flexible,sexuality
ruckus,ruction,rumpus
petronoia,petroleum,paranoia
concom,convention,committee
racecation,race,vacation
sixtel,sixth,barrel
chaffle,cheese,waffle
veganic,vegan,organic
politainer,politician,entertainer
angulaperturate,angular,aperturate
blort,blow,snort
unintelligentsia,unintelligent,intelligentsia
cyberspace,cybernetics,space
workation,work,vacation
globocop,global,Robocop
locsiton,local,exciton
Blackpudlian,Blackpool,Liverpudlian
azran,azimuth,range
spillionaire,spill,millionaire
Vietraq,Vietnam,Iraq
snowscoot,snowboard,scooter
crotoxin,Crotalus,toxin
lipoplatin,lipid,cisplatin
assicon,ass,emoticon
martemper,martensite,temper
Afrimerican,African,American
unrelentless,unrelenting,relentless
propicillin,propyl,penicillin
niggerati,nigger,literati
Islamocracy,Islam,democracy
proselytute,proselytize,prostitute
aspulvinone,Aspergillus,pulvinone
mediot,media,idiot
annepressin,annelid,vasopressin
exertainment,exercise,entertainment
xenavidin,Xenopus,avidin
webliography,Web,bibliography
noseshot,nose,earshot
walkshed,walk,watershed
antimicrobicide,antimicrobial,microbicide
wedmin,wedding,admin
Japanolatry,Japan,idolatry
iceteroid,ice,asteroid
dibling,donor,sibling
weisure,work,leisure
beasterly,beastly,easterly
pettipants,petticoat,pants
buckyball,buckminsterfullerene,ball
voluntell,volunteer,tell
chaosphere,chaos,sphere
etiopathology,etiology,pathology
wikinomics,economics
cinnamaldehyde,cinnamon,aldehyde
veganniversary,vegan,anniversary
clickhaler,click,inhaler
interfaithless,interfaith,faithless
socdem,social,democracy
alundum,alumina,corundum
horrorzine,horror,magazine
autocutie,autocue,cutie
spleef,Spleef,spliff
sightjogging,sightseeing,jogging
cashspiel,cash,bonspiel
combolin,combination,mandolin
zircophyllite,zirconium,astrophyllite
Brexodus,Brexit,exodus
dunch,dunchen,diunga
phonotax,phonotactics,syntax
gothabilly,goth,rockabilly
sextual,sext,sexual
sexploit,sex,exploit
Sonbie,Sony,zombie
trancecore,trance,hardcore
potscaping,pot,landscaping
panstick,pancake,stick
huppie,Hispanic,yuppie
solvmanifold,solvable,manifold
Moffic,Moffatt,fanfic
Socceroo,soccer,kangaroo
misteress,mister,mistress
zoochosis,zoo,psychosis
prettiful,pretty,beautiful
punkabilly,punk,rockabilly
flaperon,flap,aileron
transtrender,transgender,trender
superfecta,super,perfecta
TimberBiel,Timberlake,Biel
nulliverse,null,verse
racenicity,race,ethnicity
crapplication,crap,application
splurchase,splurge,purchase
shotcrete,shot,concrete
slimsy,slim,flimsy
treechanger,tree,seachanger
agrimation,agricultural,automation
secalotricum,secale,triticum
privish,private,publish
Kenfucky,Kentucky,fuck
girlcation,girl,vacation
Brabanditti,Brabant,banditti
glutaric,glutamic,tartaric
fursecution,fur,persecution
Bidencare,Biden,healthcare
phenose,phenyl,dextrose
carnivoracity,carnivore,voracity
coalplex,coal,complex
dependapotamus,dependent,hippopotamus
javazon,javelin,Amazon
treknobabble,Trek,technobabble
inclinator,incline,elevator
retinex,retina,cortex
schlockbuster,schlock,blockbuster
phonemark,phone,earmark
ripamatic,rip,animatic
soulular,soul,cellular
austemper,austenite,temper
zoodles,zucchini,noodles
skeptimistic,skeptical,optimistic
wedcast,wedding,webcast
Boraga,bore,Moraga
Raincouver,rain,Vancouver
Berserkeley,berserk,Berkeley
electrochemogene,electrochemotherapy,gene
Babyflot,baby,Aeroflot
boutfit,bout,outfit
shootie,shoe,bootie
apartelle,apartment,hotel
dolime,dolomite,lime
iodozone,iodine,ozone
flexagon,flex,hexagon
Westralia,western,Australia
deathrocker,deathrock,rocker
fatshionista,fat,fashionista
brodown,bro,hoedown
tenoroon,tenor,bassoon
propheteering,prophet,profiteering
Olyroos,Olympic,kangaroos
Demoncrat,demon,Democrat
cattelo,cattle,buffalo
gaystream,gay,mainstream
wannarexia,wannabe,anorexia
anaphylatoxin,anaphylaxis,toxin
alphacoronaviral,alphacoronavirus,viral
husman,husband,man
khakistocracy,khaki,kakistocracy
freemail,free,email
gizmotronics,gizmo,electronics
airdraulic,air,hydraulic
Intertubes,Internet,tubes
chaosmos,chaos,cosmos
toxidrome,toxic,syndrome
sparsistent,sparse,consistent
halfro,half,afro
shortgevity,short,longevity
catazine,catalogue,magazine
portafilter,portable,filter
princessipality,princess,principality
camiknickers,camisole,knickers
goosebumples,goosebumps,goosepimples
droplifting,drop,shoplifting
burgernomics,burger,economics
cyclooctannulation,cyclooctane,annulation
camfecting,camera,infecting
clickjack,click,hijack
Bremelo,Bremerton,buffalo
paradelle,parody,villanelle
desiccome,desiccation,genome
magalogue,magazine,catalogue
Vangroovy,Vancouver,groovy
metalgaze,metal,shoegaze
prostibot,prostitute,bot
nicofibrate,nicotinic,clofibrate
popstream,pop,mainstream
biopyribole,biotite,pyribole
dumbsize,dumb,downsize
polycotton,polyester,cotton
transflection,transmission,reflection
humanimal,human,animal
groupality,group,personality
trancestor,trans,ancestor
phlog,phone,blog
globalitarian,global,totalitarian
eMac,education,Macintosh
gastrodome,gastro,Astrodome
micromorph,microscopic,amorphic
urechitoxin,Urechites,toxin
coeloconic,coelomic,conic
automobility,automobile,mobility
tubax,tuba,sax
refujew,refugee,Jew
trashterpiece,trash,masterpiece
confuzzle,confuse,puzzle
boomsayer,boom,doomsayer
broseph,bro,Joseph
gyprock,gypsum,rock
Gaystapo,gay,Gestapo
Holocash,Holocaust,cash
Faberry,Fabray,Berry
melodramatize,melodrama,dramatize
cyclohexannulated,cyclohexane,annulated
boobird,boo,bluebird
voken,virtual,token
honeyfund,honeymoon,fund
jocoserious,jocose,serious
medicane,Mediterranean,hurricane
Zuchon,Tzu,bichon
geodashing,geocaching,dashing
maskhole,mask,asshole
jazzical,jazz,classical
blipvert,blip,advert
zombocalypse,zombie,apocalypse
spamouflage,spam,camouflage
twiddle,,fiddle
tardyon,tardy,tachyon
ampacity,ampere,capacity
reprography,reproduce,photography
flexbone,flexible,wishbone
coronaviral,coronavirus,viral
hushaby,hush,lullaby
gyradius,gyration,radius
glycoproteome,glycoprotein,genome
purinoceptor,purinergic,receptor
Gaygler,gay,Googler
chemigation,chemical,irrigation
gengineered,genetically,engineered
brinner,breakfast,dinner
Uglish,Ugandan,English
applistructure,application,infrastructure
medispa,medical,spa
Windoze,Windows,doze
sexcite,sex,excite
binoscope,binocular,telescope
snuba,snorkel,scuba
zilde,zero,tilde
nearbout,near,about
youthemism,youth,euphemism
funishment,fun,punishment
sphingolipidome,sphingolipid,genome
clickprint,click,fingerprint
trackmo,track,demo
polkabilly,polka,rockabilly
chumpion,chump,champion
spintronic,spin,electronic
iduronic,idose,uronic
loxygen,liquid,oxygen
fyborg,functional,cyborg
querl,twirl,twirl
twimmolation,Twitter,immolation
Newzak,news,Muzak
ammoxidation,ammonia,oxidation
hatinator,hat,fascinator
cabbit,cat,rabbit
beautillion,beau,cotillion
dogmonaut,dog,cosmonaut
margatini,margarita,martini
egoboo,ego,boost
BookTube,book,YouTube
freedumb,freedom,dumb
plumptious,plump,scrumptious
cafetorium,cafeteria,auditorium
pubcasting,public,broadcasting
grism,grating,prism
rockoon,rocket,balloon
dickhole,dick,hole
brohemian,bro,Bohemian
Edinbugger,Edinburger,bugger
Batfan,Batman,fan
Blatcherism,Blairism,Thatcherism
tofish,tofu,fish
polycule,polyamory,molecule
snortle,snort,chortle
buckytube,buckyball,tube
mandarinquat,mandarin,kumquat
vacationship,vacation,relationship
mochaccino,mocha,cappuccino
sperminator,sperm,terminator
glocalize,globalize,localize
homedulgence,home,indulgence
diabulimia,diabetes,bulimia
henny,horse,jenny
Grexit,Greece,exit
Caturday,cat,Saturday
wingpit,wing,armpit
mythconception,myth,misconception
maxout,maximum,dropout
Americanime,American,anime
digilante,digital,vigilante
spermjacking,sperm,hijacking
structronics,structure,electronics
treeconomics,tree,economics
pajamahadeen,pajamas,mujahadeen
namesmanship,name,gamesmanship
deagle,desert,eagle
cyclopropannulated,cyclopropane,annulated
spaxel,space,pixel
legiterally,legitimately,literally
fauxhemian,faux,Bohemian
coatigan,coat,cardigan
shitgaze,shit,shoegaze
educrat,educator,bureaucrat
soloprov,solo,improv
Cumberbaby,Cumberbatch,baby
mammophant,mammoth,elephant
jeerleader,jeer,cheerleader
tobaccanalian,tobacco,Bacchanalian
henopause,hen,menopause
primorial,prime,factorial
tensegrity,tensional,integrity
Fanson,fan,Hanson
evilutionary,evil,evolutionary
buttlegger,butt,bootlegger
plumcot,plum,apricot
bonkbusting,bonk,blockbusting
viewspaper,views,newspaper
twunt,twat,cunt
produceorial,producer,directorial
methene,methyl,ethylene
Earthican,Earth,American
spokesbabe,spokesman,babe
lieberal,lie,liberal
humaniac,humane,maniac
gaytheist,gay,atheist
anarkid,anarchist,kid
howlarious,howl,hilarious
warphan,war,orphan
hipoisie,hip,bourgeoisie
bowlliards,bowling,billiards
Soundex,sound,index
wedsite,wedding,website
cutensil,cute,utensil
carperidine,carbamoyl,meperidine
douchehole,douchebag,asshole
fluorspar,fluorite,spar
boldacious,bold,audacious
Vaalbara,Kaapvaal,Pilbara
jerkhole,jerk,asshole
Nexit,Netherlands,exit
taliswoman,talisman,woman
evergreenery,evergreen,greenery
Gorbasm,Gorbachev,orgasm
hijabster,hijab,hipster
hashtivism,hashtag,activism
rectagraph,rectangle,graph
measurebate,measure,masturbate
evilution,evil,evolution
chylaqueous,chyle,aqueous
masculinazi,masculine,Nazi
hempcrete,hemp,concrete
frontlash,front,backlash
quarkyonic,quark,baryonic
cosfamous,cosplay,famous
threadjacker,thread,hijacker
freezoree,freeze,jamboree
wasband,was,husband
familymoon,family,honeymoon
mauvelous,mauve,marvelous
snackwich,snack,sandwich
pawrent,paw,parent
tricine,tris,glycine
impresstaurant,impress,restaurant
sidegrade,side,upgrade
quartene,quartane,ethylene
pedosaur,pedophile,dinosaur
leaktivism,leak,activism
Bombingham,bombing,Birmingham
makeunder,makeover,under
bisquick,biscuit,quick
plench,pliers,wrench
sextacular,sex,spectacular
slanguist,slang,linguist
dotmocracy,dot,democracy
hydrolox,hydrogen,lox
quillow,quilt,pillow
facestalking,Facebook,stalking
masscom,mass,communication
arabinonucleic,arabinose,nucleic
booktuber,book,YouTuber
waigon,wasteman,paigon
manimony,man,alimony
conservatarian,conservative,libertarian
Loxbridge,London,Oxbridge
paytech,payment,tech
anodium,anodized,aluminum
slofie,slowie
bardolator,bard,idolater
funtivity,fun,activity
rapalog,rapamycin,analog
huboon,human,baboon
shaleionaire,shale,millionaire
autobiografiction,autobiography,fiction
Obomber,Obama,bomber
bumder,bummer,bender
barkitecture,bark,architecture
mapvertising,map,advertising
nitch,knitch,niche
cataraft,catamaran,raft
logamediate,logarithmic,intermediate
screwmatics,screw,rheumatics
spankavision,spank,television
skiddles,skid,skittles
sensel,sensor,cell
Eskaleutian,Eskimo,Aleutian
Victoriental,Victorian,Oriental
spamference,spam,conference
saketini,sake,martini
freeconomics,free,economics
Kennedynomics,Kennedy,economics
ragazine,rag,magazine
nervicited,nervous,excited
Musketeer,Musk,musketeer
wankrupt,wank,bankrupt
mentastics,mental,gymnastics
entertailing,entertaining,retailing
angryphone,angry,anglophone
transtainer,transporter,container
permalancer,permanent,freelancer
dreadmill,dread,treadmill
wreckovation,wreck,renovation
aptasensor,aptamer,sensor
latensification,latent,intensification
infohazard,information,hazard
Rumbelle,Rumpelstiltskin,Belle
quinonimine,quinone,imine
tweenybopper,tween,teenybopper
strim,string,trimmer
Czechlish,Czech,English
tinygram,tiny,datagram
spottle,spot,bottle
Xbot,Xbox,bot
Republicant,Republican,can't
mystorical,my,historical
gaytarded,gay,retarded
hugantic,huge,gigantic
sexship,sex,relationship
podule,pod,module
zompire,zombie,vampire
vanbulance,van,ambulance
newbie,newie,b
hasbarat,hasbara,rat
mathletic,math,athletic
Swoose,swan,goose
leptonium,lepton,onium
reddiquette,Reddit,etiquette
kidfluence,kid,influence
paddlogaine,paddle,rogaine
marmalize,marmalade,pulverize
vibronic,vibration,electronic
medscanner,medical,scanner
palmcorder,palm,camcorder
gallerina,gallery,ballerina
pibling,parent,sibling
brosmaid,bro,bridesmaid
televangelical,television,evangelical
refback,referer,back
quagma,quark,magma
blandscape,bland,landscape
polac,police,accident
homesourcing,home,outsourcing
gypcrete,gypsum,concrete
threadjack,thread,hijack
opinionaire,opinion,questionnaire
Conservadox,Conservative,Orthodox
textversation,text,conversation
nowcast,now,forecast
diesohol,diesel,alcohol
skinfluencer,skin,influencer
bonkbuster,bonk,blockbuster
tellurantimony,tellurium,antimony
digitron,digital,electronic
Eeveelution,Eevee,evolution
metroplex,metropolitan,complex
positutely,positively,absolutely
dudical,dude,radical
batcorder,bat,recorder
vlogumentary,vlog,documentary
wokewashing,woke,whitewashing
cobot,collaborative,robot
mestanolone,methyl,androstanolone
nerderati,nerd,literati
scamdemic,scam,pandemic
gengineering,genetic,engineering
homecation,home,vacation
triangulateration,triangulation,trilateration
entertoyment,entertainment,toy
twistronics,twist,electronics
Texoma,Texas,Oklahoma
headground,head,background
disasterpiece,disaster,masterpiece
fulminuric,fulminate,uric
worldhouse,world,greenhouse
Medigap,Medicare,gap
limecrete,lime,concrete
merm,man,perm
mappen,may,happen
Germish,German,English
hydrochronic,hydroponic,chronic
kidcom,kid,sitcom
Jikook,Jimin,Jungkook
wangle,wag,dangle
flexivore,flexible,carnivore
sheanderthal,she,Neanderthal
fucktarded,fuck,retarded
dinosauroid,dinosaur,humanoid
Hebonics,Hebrew,Ebonics
manny,man,nanny
ecosophy,ecology,philosophy
awkweird,awkward,weird
psychobilly,psycho,rockabilly
sialoquent,sialic,eloquent
cablegami,cable,origami
truggy,truck,buggy
Shitcago,shit,Chicago
memcapacitance,memory,capacitance
pinlay,pin,inlay
wantum,want,quantum
bridenapping,bride,kidnapping
yestermorrow,yesterday,tomorrow
vook,video,book
farmscraper,farm,skyscraper
skintern,skin,intern
carputer,car,computer
haterade,,Gatorade
poperetta,pop,operetta
koranimal,Koran,animal
cabrewing,canoeing,brewing
meperidine,methyl,piperidine
petticoatery,petticoat,coterie
typembryonic,type,embryonic
thrussy,throat,pussy
halterini,halter,bikini
hallucinogenre,hallucinogen,genre
tovero,tobiano,overo
Chigro,Chinese,Negro
dramystery,drama,mystery
queerosexual,queer,homosexual
gayborhood,gay,neighborhood
irrelephant,irrelevant,elephant
motherfreaking,motherfucking,freaking
vodcast,video,podcast
musicon,music,icon
Nintendinitis,Nintendo,tendinitis
adorkable,adorable,dork
autonowashing,autonomous,greenwashing
mallternative,mall,alternative
pultrude,pull,extrude
drunkorexia,drunk,anorexia
Maymester,May,semester
Chester,Chestre,castrum
mitotracker,mitochondria,tracker
begincement,beginning,commencement
hubster,hubby,
phenanthroline,phenanthrene,quinoline
postique,postal,boutique
horsiculture,horse,horticulture
Ameritard,American,retard
chromomagnetism,chromodynamics,magnetism
Friendsmas,friends,Christmas
fluidarity,fluid,solidarity
Arabish,Arabic,English
Ronbot,Ron,robot
diphenoxylate,diphenyl,carboxylate
lifefuel,life,fuel
refugitive,refugee,fugitive
interpassivity,interactivity,passivity
halothane,halogen,ethane
Jockney,jock,cockney
yello,yes,hello
bandstrated,band,orchestrated
bedrobe,bed,robe
boschnialactone,Boschniakia,lactone
gengineer,genetic,engineer
tranarchist,trans,anarchist
Laurussia,Laurentia,Russia
gunk,grime,funk
galcon,galaxy,construct
dumbocrat,dumb,Democrat
merby,men,derby
carabeef,carabao,beef
albinterferon,albumin,interferon
phirotope,phase,chirotope
syringaldehyde,syringic,aldehyde
smokeasy,smoke,speakeasy
eggstraordinary,egg,extraordinary
feelpinion,feel,opinion
posynomial,positive,polynomial
Halfrican,half,African
stfanzine,stf,fanzine
gelatini,gelatin,martini
burqini,burqa,bikini
choralography,choral,choreography
sexpionage,sex,espionage
hypospray,hypodermic,spray
guppie,guppies,guppy
dialytrauma,dialysis,trauma
sprelve,sprite,elve
nussy,nose,pussy
phygital,physical,digital
sibcest,sibling,incest
Suliet,Sawyer,Juliet
sextort,sex,extort
auntcest,aunt,incest
nojito,no,mojito
nearcation,near,vacation
grolar,polar,grizzly
guestage,guest,hostage
coronoia,corona,paranoia
pharm,pharmaceutical,farm
Skate,Sawyer,Kate
bananapants,bananas,crazypants
idiotor,idiot,editor
smize,smile,eyes
evilutionist,evil,evolutionist
daycation,day,vacation
fakestream,fake,mainstream
selfcest,incest
sexperiment,sex,experiment
flobber,flop,wobble
beefaroni,beef,macaroni
Cumberperson,Cumberbatch,person
philanthropreneur,philanthropist,entrepreneur
sticktion,stick,friction
crimance,crime,romance
Portugeezer,Portuguese,geezer
stalkumentary,stalk,documentary
pracademic,practitioner,academic
peakon,peaked,soliton
interzine,Internet,zine
stereotrode,stereo,electrode
furvert,fur,pervert
acupressure,acupuncture,pressure
rapefugee,rape,refugee
artivist,art,activist
Fuffy,Faith,Buffy
glulam,glued,laminated
multimediocrity,multimedia,mediocrity
Romnesia,Romney,amnesia
blam,blog,spam
anamonic,anagram,mnemonic
mandelbug,Mandelbrot,bug
ringularity,ring,singularity
parkway,park,way
fandemonium,fan,pandemonium
maholla,mahalo,holla
fiscalamity,fiscal,calamity
menotropin,menopausal,gonadotropin
whorendous,whore,horrendous
electrickery,electricity,trickery
cannabusiness,cannabis,business
oilionaire,oil,millionaire
KKKonfederate,KKK,Confederate
sexhaustion,sex,exhaustion
planeteer,planet,volunteer
raptivist,rapper,activist
spamvertise,spam,advertise
eggceptional,egg,exceptional
optionaire,option,millionaire
oilberg,oil,iceberg
Boxador,boxer,labrador
angertainment,anger,entertainment
breasticle,breast,testicle
vortal,vertical,portal
isoscape,isotope,landscape
virtopsy,virtual,autopsy
thinkfluencer,think,influencer
agripreneur,agricultural,entrepreneur
wikistorming,brainstorming
surgicalist,surgical,hospitalist
civilogue,civil,dialogue
userspace,user,space
cultigroup,cultivar,group
mannide,mannite,anhydride
flixel,floating,pixel
cittern,cither,gittern
Winterpeg,winter,Winnipeg
artistamp,artist,stamp
absquatulate,abscond,squat
netpicking,net,nitpicking
mockito,mock,mojito
bustitute,bus,substitute
brinicle,brine,icicle
tolimidone,tolyl,pyrimidone
wrock,wizard,rock
infotopia,information,utopia
gastrimmune,gastrin,immune
collabulary,collaborative,vocabulary
apartotel,apartment,hotel
hydrauger,hydraulic,auger
ARPAbet,ARPA,alphabet
yumptious,yum,scrumptious
superplex,super,suplex
procrasturbate,procrastinate,masturbate
Salinastroika,Salinas,perestroika
jellycopter,jelly,helicopter
Motability,motor,ability
choreomusicology,choreology,musicology
Devonwall,Devon,Cornwall
technetronic,technology,electronic
schlockumentary,schlock,documentary
smartbook,smartphone,netbook
snotsicle,snot,icicle
adriamycin,Adriatic,hydroxydaunomycin
stuckholder,stuck,stockholder
cousincest,cousin,incest
Batsquatch,bat,sasquatch
Lostaway,lost,castaway
bacover,back,cover
podosphere,podcast,blogosphere
methoxyl,methyl,hydroxyl
glitzkrieg,glitz,blitzkrieg
synthespian,synthetic,thespian
sextortion,sex,extortion
sysplex,systems,complex
zebavidin,zebrafish,avidin
sexperimentation,sex,experimentation
fauxnetic,faux,phonetic
ecoburb,ecological,suburb
hydrolock,hydrostatic,lock
voluntourism,volunteer,tourism
cuteful,cute,beautiful
motherfuckery,motherfucker,fuckery
toccer,tennis,soccer
manarchist,man,anarchist
halon,halogen,carbon
retcon,retroactive,continuity
phoneography,phone,photography
offensensitivity,offense,sensitivity
Percabeth,Percy,Annabeth
hijack,highway,jacker
catom,claytronic,atom
Curselax,curse,Snorlax
splitwheel,split,cartwheel
ziotard,Zionist,retard
bookazine,book,magazine
musivisual,music,visual
washugyu,Washington,wagyu
camporee,camp,jamboree
quickshaw,quick,rickshaw
Hislam,his,Islam
phlogging,phone,blogging
utopographer,utopia,topographer
infoxication,information,intoxication
hashflag,hashtag,flag
beamstrahlung,beam,bremsstrahlung
catvertising,cat,advertising
spinfection,spin,infection
joyport,joystick,port
shrinkflation,shrink,inflation
Usegroup,Usenet,newsgroup
swop,swap,swap
Texit,Texas,exit
cheluviation,chelation,eluviation
bagholder,bag,shareholder
tragicomedienne,tragicomedy,comedienne
nuplex,nuclear,complex
spinoculation,spin,inoculation
slackcom,slacker,sitcom
forgettery,forget,memory
funspirational,fun,inspirational
Breastapo,breast,Gestapo
typestract,type,abstract
dolocrete,dolomite,concrete
granzyme,granule,enzyme
concolic,concrete,symbolic
manopause,man,menopause
dorgi,dachshund,corgi
bugly,butt,ugly
skullet,skull,mullet
stanine,standard,nine
millionerd,millionaire,nerd
scrench,screwdriver,wrench
goshwowboyoboy,gosh,wow
readathon,read,marathon
steez,style,ease
orbispace,orbifold,space
orature,oral,literature
meninism,men,feminism
propliner,propeller,airliner
banjolin,banjo,mandolin
norminal,normal,nominal
Charlieplexing,Charlie,multiplexing
splake,speckled,lake
hobohemia,hobo,bohemia
faitheism,faith,atheism
betacoronaviral,betacoronavirus,viral
hendigo,henna,indigo
apefly,ape,butterfly
limeraiku,limerick,haiku
transwestite,transvestite,west
scenius,scene,genius
touronaut,tourist,astronaut
futilitarian,futility,utilitarianism
boomburb,boom,suburb
slacktivism,slack,activism
baquote,back,quote
Torygraph,Tory,telegraph
broflake,bro,snowflake
Smalltimore,small,Baltimore
retpoline,return,trampoline
Mexcrement,Mexican,excrement
slacktivist,slack,activist
psychill,psytrance,chill
blanagram,blank,anagram
fangaroo,fang,kangaroo
eggwich,egg,sandwich
bleg,blog,beg
carefront,care,confront
blackstream,black,mainstream
slunt,slut,cunt
Chatswong,Chatswood,Wong
vaguebook,vague,Facebook
pizzly,polar,grizzly
quintom,quintessence,phantom
humanzee,human,chimpanzee
poofy,poof,puffy
flexatone,flexible,tone
cunnilinguistic,cunnilingus,linguistic
maximin,maximum,minimum
naycation,nay,vacation
Gomorrahy,Gomorrah,sodomy
calfdozer,calf,bulldozer
fishwich,fish,sandwich
presentity,presence,entity
crybully,crybaby,bully
mesendoderm,mesoderm,endoderm
legalitarian,legal,egalitarian
splatstick,splatter,slapstick
orangelo,orange,pomelo
daffynition,daffy,definition
gynotician,gynecologist,politician
fearthought,fear,forethought
frosh,frossh,frosch
cowtastrophe,cow,catastrophe
commemorabilia,commemorate,memorabilia
aquacise,aquatic,exercise
netherverse,nether,universe
rusticle,rust,icicle
dogote,dog,coyote
pugeranian,pug,Pomeranian
Gendrya,Gendry,Arya
spinasterol,spinach,sterol
cyboteur,cyber,saboteur
snaparazzi,snap,paparazzi
biliblanket,bilirubin,blanket
canuding,canoeing,nude
fogponics,fog,aeroponics
agritainment,agriculture,entertainment
Webagogy,Web,pedagogy
kangatarian,kangaroo,vegetarian
sqround,square,round
everblack,evergreen,black
hydrolley,hydrogen,trolley
groundscraper,ground,skyscraper
utopiate,utopia,opiate
quinonoxime,quinone,oxime
wifestyle,wife,lifestyle
quinaphthol,quinine,naphthol
fratority,fraternity,sorority
milkstache,milk,mustache
orbifold,orbit,manifold
whiteordinate,white,coordinate
Pretendolino,pretend,Pendolino
exacta,exact,trifecta
winternship,winter,internship
vacufuge,vacuum,centrifuge
mythinformation,myth,misinformation
witsec,witness,security
tapespondence,tape,correspondence
dequity,debt,equity
Scandiwegian,Scandinavian,Norwegian
padfolio,pad,portfolio
minikini,mini,bikini
Whasian,white,Asian
ethaverine,ethyl,papaverine
beachkeeper,beach,keeper
himpathetic,him,sympathetic
bestshoring,best,offshoring
glampire,glam,vampire
flexihours,flexible,hours
blynx,bobcat,lynx
sponcon,sponsored,content
mociology,mobile,sociology
congratudolences,congratulations,condolences
liberaltarian,liberal,libertarian
feevee,fee,teevee
artlang,artistic,language
femcee,female,emcee
cozzer,copper,rozzer
trimeperidine,trimethyl,piperidine
Bughead,Betty,jughead
Rethuglican,Republican,thug
Frobenioid,Frobenius,monoid
bandini,bandeau,bikini
brifter,brake,shifter
sensorimotor,sensory,motor
blurse,blessing,curse
cinemuck,cinema,muck
kissogram,kiss,telegram
skitch,skate,hitch
pyribole,pyroxene,amphibole
ecotel,ecological,hotel
anonymouse,anonymous,mouse
satellitesimal,satellite,planetesimal
catio,cat,patio
investomer,investor,customer
nectaplum,nectarine,plum
lymphokine,lymphocyte,cytokine
cranapple,cranberry,apple
Mayniac,Maynard,maniac
blumpkin,blowjob,pumpkin
choodle,chihuahua,poodle
moob,man,boob
aparthotel,apartment,hotel
Enronomics,Enron,economics
flunami,flu,tsunami
brodeo,bro,rodeo
throller,throw,roller
flymph,fly,nymph
Ameritopia,America,utopia
rebbetzman,rebbetzin,man
sexcess,sex,excess
pumapard,puma,leopard
fauxlex,faux,Rolex
subvertisement,subvert,advertisement
netroots,net,grassroots
foodoir,food,memoir
zoomburb,zoom,suburb
Jawaiian,Jamaica,Hawaiian
cementochronology,cementum,chronology
mipster,Muslim,hipster
orbitrap,orbit,trap
varial,vary,aerial
airbrasive,air,abrasive
Chromebook,Chrome,notebook
militariat,military,proletariat
mercaptoundecanoic,mercaptan,undecanoic
pangopup,pangolin,pup
flightseeing,flight,sightseeing
reflexicon,reflexive,lexicon
heliparent,helicopter,parent
singspiration,sing,inspiration
goldfishery,goldfish,fishery
bodalicious,bodacious,delicious
cracktro,crack,intro
aspoxicillin,asparaginyl,amoxicillin
vinylogous,vinyl,homologous
cybrid,cytoplasmic,hybrid
finishipper,finish,shipper
somaesthetics,somatic,aesthetics
asexy,asexual,sexy
Asiad,Asia,Olympiad
Amerindian,American,Indian
comatoast,comatose,toast
carbogen,carbon,oxygen
plastisol,plastic,sol
veganarchism,vegan,anarchism
mezlocillin,methylsulfonyl,azlocillin
vibracious,vibrant,vivacious
alphamosaic,alphabetical,mosaic
Holohoax,Holocaust,hoax
caulini,cauliflower,broccolini
oilgae,oil,algae
Meritage,merit,heritage
Weblish,Web,English
Sundaily,Sunday,daily
Japanazi,Japanese,Nazi
sextracurricular,sex,extracurricular
Jewitchery,Jew,witchery
arkeologist,Ark,archaeologist
municycling,mountain,unicycling
cyberman,cybernetic,man
swoe,sword,hoe
flagkini,flag,bikini
penopause,penis,menopause
mastertone,master,ringtone
sparsistency,sparse,consistency
hellbilly,hell,hillbilly
cantheism,cannabis,theism
Dacula,Decatur,Atlanta
textident,text,accident
wreader,writer,reader
Mixter,mix,Mister
Republicunt,Republican,cunt
serpopard,serpent,leopard
Philosothon,philosophy,thon
arsenene,arsenic,graphene
taileron,tail,aileron
tricknology,trick,technology
molfile,molecule,file
dreamlining,dream,streamlining
luncheteria,lunch,cafeteria
workfare,work,welfare
stupidstitious,stupid,superstitious
zeedonk,zebra,donkey
jetliner,jet,liner
plagiarhythm,plagiarism,rhythm
phlorone,phlorol,quinone
docutainment,documentary,entertainment
culturati,culture,literati
vegelate,vegetable,chocolate
brogressive,bro,progressive
playgan,play,pagan
vagenis,vagina,penis
romaction,romance,action
hanger,hanger,haunger
spokescritter,spokesperson,critter
boylesque,boy,burlesque
toddlercon,toddler,lolicon
foodprint,food,footprint
Jennica,Jennifer,Jessica
copyfight,copyright,fight
fosmid,fertility,cosmid
shwopping,shopping,swapping
exactually,exactly,actually
Iraqnophobia,Iraq,arachnophobia
snowmaker,snow,maker
thusfore,thus,therefore
guitjo,guitar,banjo
lyricon,lyrics,earcon
memcomputing,mem,computing
sexperimental,sex,experimental
gymnatorium,gymnasium,auditorium
bossware,boss,malware
newsjacking,news,hijacking
peemergency,pee,emergency
binit,binary,digit
crackberry,crack,BlackBerry
bedlock,bed,wedlock
compusex,computer,sex
retrosexual,retro,metrosexual
grounation,ground,foundation
emotronic,emo,electronic
distrail,dissipation,trail
blacktag,black,hashtag
militician,military,politician
Jailtacht,jail,Gaeltacht
digiscope,digital,telescope
tweetup,tweet,meetup
anthrapyrazole,anthracene,pyrazole
spectabulous,spectacular,fabulous
smombie,smartphone,zombie
bluenette,blue,brunette
cyclogaine,cycle,rogaine
tagsonomy,tags,taxonomy
wildmat,wildcard,match
webumentary,web,documentary
Jenglish,Japanese,English
cyclobutannulated,cyclobutane,annulated
greenmail,greenback,blackmail
microtainer,micro,container
threenager,three,teenager
cyberchondria,cyber,hypochondria
infodemic,information,epidemic
businesscrat,business,bureaucrat
robomb,robot,bomb
axipolar,axial,polar
workfarce,workforce,farce
handicamp,handicap,camp
panendeism,panentheism,deism
lyricon,lyrics,earcon
snarkcastic,snarky,sarcastic
bureaucrazy,bureaucracy,crazy
Nintendrone,Nintendo,drone
divershitty,diversity,shitty
Windvocate,Windows,advocate
octopush,octopus,push
croshabell,crouse,belle
crangrape,cranberry,grape
beditation,bed,meditation
electracy,electrical,literacy
incendigel,incendiary,gel
claymation,clay,animation
basebrawl,baseball,brawl
tittytainment,titty,entertainment
whitelash,white,backlash
buycott,buy,boycott
arterati,art,literati
sysape,sysop,ape
maraging,martensitic,aging
scientificomic,scientifiction,comic
fumulus,fume,cumulus
jargonaut,jargon,argonaut
catanionic,cationic,anionic
acrisorcin,acridine,resorcin
sexploiter,sex,exploiter
uprighteous,upright,righteous
shitcom,shit,sitcom
mainsleaze,mainstream,sleaze
copstache,cop,mustache
Namerican,north,American
beertail,beer,cocktail
momtrepreneur,mom,entrepreneur
soysage,soy,sausage
Swedey,swede,Sweeney
buildering,building,bouldering
bhangramuffin,bhangra,raggamuffin
tragicomic,tragic,comic
pandamonium,panda,pandemonium
umbershoot,umbrella,parachute
religiofascist,religion,fascist
sexplicit,sex,explicit
bootkit,boot,rootkit
celtuce,celery,lettuce
twazzock,twat,wazzock
wangst,wank,angst
foundherentism,foundationalism,coherentism
auxlang,auxiliary,language
highline,high,slackline
minheap,minimum,heap
Noogler,new,Googler
vegangelical,vegan,evangelical
newstainment,news,entertainment
informetrics,information,metrics
vinaxanthone,vinaceum,xanthone
WayHaught,Waverly,Haught
epostane,epoxy,androstane
Shitmas,shit,Christmas
mathematese,mathematics,ese
Hispasian,Hispanic,Asian
verticutter,vertical,cutter
cantenna,can,antenna
multicasting,multiple,broadcasting
demsoc,democratic,socialism
Merkelvellian,Merkel,Machiavellian
Jesusanity,Jesus,Christianity
gunt,gut,cunt
teleportal,teleport,portal
pomtini,pomegranate,martini
canadew,cantaloupe,honeydew
Lintel,Linux,Intel
dout,doute,doubt
barcade,bar,arcade
mandolute,mandolin,lute
blizzicane,blizzard,hurricane
howlback,howl,feedback
Jewniverse,Jew,universe
vacutainer,vacuum,container
silicyne,silicon,carbyne
Chinoy,Chinese,Pinoy
birl,birle,birle
circline,circle,line
wellderly,well,elderly
politricks,politics,tricks
transbian,trans,lesbian
eggel,egg,bagel
petroil,petrol,oil
hoonigan,hoon,hooligan
metaboreceptor,metabolic,receptor
grayordinate,gray,coordinate
mathemagician,mathematician,magician
jazzetry,jazz,poetry
microphonograph,microphone,phonograph
bioboy,biological,boy
strimmer,string,trimmer
multicultist,multicultural,cultist
reinventive,reinvent,inventive
outercourse,outer,intercourse
permacath,permanent,catheter
glutose,glucose,fructose
screamo,scream,emo
Banglish,Bangla,English
athleisurewear,athletics,leisurewear
openwash,open,greenwash
retardical,retarded,rhetorical
blerd,black,nerd
eggnancy,egg,pregnancy
brocialism,bro,socialism
pissaphone,piss,megaphone
gasalier,gas,chandelier
Hoaxocaust,hoax,Holocaust
vertiport,vertical,airport
upsert,update,insert
fembitch,feminist,bitch
mirdle,man,girdle
vontouring,vagina,contouring
globaloney,global,baloney
ventifact,vent,artifact
sanctimommy,sanctimony,mommy
Paralympic,paraplegic,Olympic
geoboard,geometry,board
sexpresso,sex,espresso
movieoke,movie,karaoke
radiobe,radium,microbe
milab,military,abduction
bluejack,Bluetooth,hijack
amatoxin,amanita,toxin
donkament,donk,tournament
clausmarin,Clausena,coumarin
jazzophone,jazz,saxophone
regrexit,regret,Brexit
slidewalk,slide,sidewalk
computerate,computer,literate
effeminist,effeminate,feminist
morningmare,morning,nightmare
Webdings,web,dingbat
roundrect,rounded,rectangle
flotel,float,hotel
crimmigrant,criminal,immigrant
Polglish,Polish,English
ememe,emotion,meme
thrinter,three,winter
perverb,perverse,proverb
beyonsense,beyond,nonsense
Scala,scalable,language
birdnapper,bird,kidnapper
Hamiltrash,Hamilton,trash
pneudraulic,pneumatic,hydraulic
hypochristian,hypocrite,Christian
middlescent,middle,adolescent
zwittergent,zwitterionic,detergent
algorithmocracy,algorithm,democracy
farmaceutical,farm,pharmaceutical
solemncholy,solemn,melancholy
Pretendian,pretend,Indian
mascon,mass,concentration
ganjapreneur,ganja,entrepreneur
infocommunications,information,communications
ammonitrate,ammonium,nitrate
tweenager,between,teenager
Holocaustianity,Holocaust,Christianity
gourmania,gourmet,mania
stoquastic,stochastic,quantum
pawdicure,paw,pedicure
podcatcher,podcast,catcher
weblebrity,Web,celebrity
eugenocide,eugenics,genocide
holigay,holiday,gay
Zogbot,ZOG,robot
miniac,miniature,maniac
oatlage,oat,silage
hoolivan,hooligan,van
feminasty,feminist,nasty
flexitank,flexible,tank
mantique,man,antique
Koreaboo,Korea,weeaboo
pumpking,pumpkin,king
transputer,transistor,computer
witkey,wisdom,key
squarson,squire,parson
cheapquel,cheap,sequel
honeygar,honey,vinegar
stycerin,styryl,glycerin
rapso,rap,calypso
internerd,Internet,nerd
crayfishery,crayfish,fishery
Schadenford,schadenfreude,Ford
gypcrust,gypsum,crust
failscade,fail,cascade
brength,breadth,length
fedge,fence,hedge
twoosh,Twitter,swoosh
maskne,mask,acne
Obummer,Obama,bummer
magicube,magic,cube
Instafamous,Instagram,famous
scratchitti,scratch,graffiti
infoganda,information,propaganda
cartomizer,cartridge,atomizer
cannista,cannabis,barista
magnetricity,magnet,electricity
insectageddon,insect,armageddon
cricketainment,cricket,entertainment
immittance,impedance,admittance
motorkhana,motor,gymkhana
zeehorse,zebra,horse
galatrox,galectin,atrox
Squarial,square,aerial
buckypaper,buckyball,paper
meggings,man,leggings
brandwash,brand,whitewash
spudnut,spud,donut
threonucleic,threose,nucleic
passifan,passive,fan
lexicode,lexicographic,code
wussy,wimp,pussy
crapitalist,crap,capitalist
fuckumentary,fuck,documentary
orpharion,Orpheus,Arion
docucomedy,documentary,comedy
flextension,flex,extension
glycolipidome,glycolipid,genome
nepit,Neperian,digit
Blastaway,blast,castaway
fauxgasm,faux,orgasm
cattitude,cat,attitude
jackhole,jackass,asshole
manufactroversy,manufactured,controversy
alphametic,alphabet,arithmetic
fakecel,fake,incel
nutriceutical,nutritional,pharmaceutical
welfariat,welfare,proletariat
actifan,active,fan
coopetitor,cooperator,competitor
mompetition,mom,competition
lemandarin,lemon,mandarin
mysterama,mystery,drama
cypherpunk,cipher,cyberpunk
disregardless,disregarding,regardless
regionalect,region,dialect
circlip,circle,clip
Bartitsu,Barton,jujitsu
Tinglish,Thai,English
vacupuncture,vacuum,puncture
bimboy,bimbo,boy
fantasterrific,fantastic,terrific
threequel,three,sequel
mythistory,myth,history
tralse,true,false
firenado,fire,tornado
polocrosse,polo,lacrosse
Treknical,Trek,technical
aquatecture,aqua,architecture
wholetail,wholesale,retail
twidiot,Twitter,idiot
rumortrage,rumor,arbitrage
autobiografictional,autobiography,fictional
blizzaster,blizzard,disaster
humiture,humidity,temperature
Mormondumb,Mormondom,dumb
troglodyke,troglodyte,dyke
floatel,float,hotel
realpolitician,realpolitik,politician
hangxiety,hangover,anxiety
melodeath,melodic,death
momnesia,mom,amnesia
womban,womb,woman
spokescreature,spokesperson,creature
Senegambia,Senegal,Gambia
Texarkana,Texas,Arkansas
lumbrokinase,Lumbricus,kinase
spoetry,spam,poetry
carboxide,carbon,oxide
Brisneyland,Brisbane,Disneyland
nobodaddy,nobody,daddy
teqball,technique,ball
featherwood,feather,peckerwood
naptural,nappy,natural
polyplex,polymer,complex
stuffaroni,stuff,macaroni
vingle,video,single
labanotation,Laban,notation
rectenna,rectifying,antenna
MexiCoke,Mexico,Coke
puncept,pun,concept
conetronics,cone,electronics
wedtro,wedding,intro
Fayettenam,Fayetteville,Vietnam
spintronics,spin,electronics
Phan,Phish,fan
sitcomedian,sitcom,comedian
Danglish,Danish,English
plucot,plum,apricot
misnominal,misnomer,nominal
craftivist,craft,activist
Ugawood,Uganda,Hollywood
girus,giant,virus
blogebrity,blog,celebrity
camikini,camisole,bikini
eavesread,eavesdrop,read
dummymander,dummy,gerrymander
boatel,boat,hotel
massifier,mass,classifier
Greeklish,Greek,English
bruncle,brother,uncle
snoggle,snog,snuggle
infomediary,information,intermediary
Roexit,Romania,exit
drelfie,drunkenie
demogrant,demographic,grant
rudderon,rudder,aileron
fakegasm,fake,orgasm
Thaiglish,Thai,English
floptical,floppy,optical
facturd,factoid,turd
brightsizing,bright,rightsizing
citrange,citrus,orange
suspook,suspect,spook
racon,radar,beacon
oddvertising,odd,advertising
handicapitalism,handicap,capitalism
midquel,mid,sequel
copaganda,cop,propaganda
promogulate,promote,promulgate
Giftmas,gift,Christmas
spheromak,sphere,tokamak
craptop,crappy,laptop
photographone,photograph,phone
unlax,unwind,relax
hugemongous,huge,humongous
wantrepreneur,want,entrepreneur
opinionnaire,opinion,questionnaire
Carternomics,Carter,economics
shitacular,shit,spectacular
brandstanding,brand,grandstanding
Sheng,Swahili,English
textonym,text,synonym
zolly,zoom,dolly
snakeboard,snake,skateboard
sprummer,spring,summer
lawfare,law,warfare
sinsational,sin,sensational
Soufrica,south,Africa
Israhell,Israel,hell
enemedia,enemy,media
ASMRtist,ASMR,artist
tweeb,technology,dweeb
galectin,galactoside,lectin
coffice,coffee,office
Madchester,mad,Manchester
vurp,vomit,burp
womansplaining,woman,explaining
fusospirochete,fusobacterium,spirochete
bandaoke,band,karaoke
cellevision,cellphone,television
grassoline,grass,gasoline
flexecutive,flexible,executive
pollutician,pollution,politician
clavinet,clavichord,clarinet
fampool,family,carpool
femocrat,female,bureaucrat
manpris,man,capris
sensorineural,sensory,neural
cyburban,cyber,suburban
woyote,wolf,coyote
textbase,text,database
informance,inform,performance
causet,causal,set
affluential,affluent,influential
oscnode,osculation,node
kerolox,kerosene,lox
golliwog,golly,polliwog
axiverse,axion,universe
fibershed,fiber,watershed
deathhawk,death,mohawk
cellucotton,cellulose,cotton
tobaccanalian,tobacco,Bacchanalian
spoileron,spoiler,aileron
randem,random,tandem
catskinner,cat,muleskinner
bustaurant,bus,restaurant
jetevator,jet,elevator
cuntservative,cunt,conservative
Scandiknavery,Scandinavian,knavery
wasbian,was,lesbian
predophile,predator,pedophile
babycino,baby,cappuccino
plasticuffs,plastic,cuffs
Wakaliwood,Wakaliga,Hollywood
foofy,fluffy,poofy
Isratine,Israel,Palestine
Winblows,Windows,blows
exergaming,exercise,gaming
homolosine,homolographic,sine
flumpet,flugelhorn,trumpet
advertique,advertisement,antique
sacerdotage,sacerdotal,dotage
produsage,production,usage
crapitalism,crap,capitalism
exurb,extra,urban
shitstem,shit,system
aptagram,apt,anagram
simjacking,SIM,hijacking
cognitariat,cognitive,proletariat
coronavirology,coronavirus,virology
elevon,elevator,aileron
selectorate,select,electorate
limequat,lime,kumquat
chestfeed,chest,breastfeed
whitestream,white,mainstream
Muslimania,Muslim,mania
gospelypso,gospel,calypso
Mexipino,Mexican,Filipino
twotino,two,plutino
tamavidin,tamogitake,avidin
netbook,net,notebook
taxflation,tax,inflation
astragaloside,astragalus,glycoside
xanthose,xanthine,ribose
proregression,progression,regression
musturbation,must,masturbation
fantrepreneur,fan,entrepreneur
starquake,star,earthquake
catfisherman,catfish,fisherman
transaxle,transmission,axle
cheftender,chef,bartender
aldimine,aldehyde,imine
Japanglish,Japanese,English
croggle,crush,goggle
fanglomerate,fan,conglomerate
carnapper,car,kidnapper
technostalgia,technology,nostalgia
himpathy,him,sympathy
hardbag,hard,handbag
placepot,place,jackpot
hectivity,hectic,activity
snurf,snow,surf
Talivan,Taliban,van
bleachorexia,bleach,anorexia
leopon,leopard,lion
gorno,gore,porno
swimnastic,swim,gymnastic
fauxcest,faux,incest
plabic,planar,bicoloured
netput,net,output
coronavirologist,coronavirus,virologist
Eskaleut,Eskimo,Aleut
sheboon,she,baboon
Friendsgiving,friends,Thanksgiving
cyberverse,cyber,universe
sexalicious,sex,delicious
memeplex,meme,complex
computerlore,computer,lore
femonationalism,feminism,nationalism
Deaflympian,deaf,Olympian
breastaurant,breast,restaurant
skurfing,ski,surfing
slithy,lithe,slimy
Engleutsch,English,Deutsch
Saturdaily,Saturday,daily
nimber,nim,number
sternebra,sternum,vertebra
machinima,machine,cinema
Twimom,twilight,mom
tapespondent,tape,correspondent
micronometer,micro,chronometer
gennaker,genoa,spinnaker
compandor,compressor,expander
Kashton,Kash,Ashton
smush,smash,mush
pornoisseur,porn,connoisseur
femanon,female,anon
lemoga,lemur,yoga
crowler,can,growler
macon,mutton,bacon
physisorption,physical,adsorption
videographer,video,photographer
electron,electric,ion
disemvowel,disembowel,vowel
hieropathic,hiero,pathic
complisult,compliment,insult
blandiose,bland,grandiose
womanhandle,woman,manhandle
feebate,fee,rebate
Mexamerica,Mexico,America
biomythography,biography,mythography
mockbuster,mock,blockbuster
pornobilly,porn,rockabilly
mentalcel,mental,incel
poopetrator,poop,perpetrator
cruffin,croissant,muffin
triggernometry,trigger,trigonometry
Deaflympics,deaf,Olympics
Cavoodle,cavalier,poodle
Janto,Jack,Ianto
snackadium,snack,stadium
apatheism,apathy,theism
civnat,civic,nationalist
wonut,waffle,donut
perlin,peregrine,merlin
petiquette,pet,etiquette
fruitique,fruit,boutique
motarded,moto,retarded
queermo,queer,homo
conculture,constructed,culture
tornadocane,tornado,hurricane
Taswegian,Tasmanian,Glaswegian
footbrawl,football,brawl
thoughtographer,thought,photographer
Itanic,Itanium,Titanic
Afrabian,African,Arabian
Jewsrael,Jew,Israel
moxibustion,moxa,combustion
keratitis,kerato,itis
coydog,coyote,dog
mitogenome,mitochondrion,genome
ballute,balloon,chute
cyclopropannulation,cyclopropane,annulation
transparisteel,transparent,steel
ketol,ketone,indol
Australorp,Australia,Orpington
femfan,female,fan
luser,loser,user
isoprenaline,isopropyl,noradrenaline
leishporin,Leishmania,porin
Instapoet,Instagram,poet
moondoggle,Moon,boondoggle
anticippointment,anticipation,disappointment
Drainbow,drain,rainbow
freecycle,free,recycle
Westlock,Westgate,Lockhart
liliger,lion,liger
ceramer,ceramic,polymer
jackrabbit,jackass,rabbit
hopfion,Hopfian,soliton
Caucasity,Caucasian,audacity
Pricasso,prick,Picasso
acquihire,acquire,hire
colorpuncture,color,acupuncture
slock,Schluck,slok
Everlark,Everdeen,Mellark
Czechnology,Czech,technology
digizine,digital,magazine
lentivirion,lentivirus,virion
odderon,odd,pomeron
weblish,Web,publish
stfield,stf,field
nutrigenomics,nutrition,genomics
needcessity,need,necessity
cardician,card,magician
Florabama,Florida,Alabama
cinemansion,cinema,mansion
welfie,workoutie
valerin,valeric,glycerin
invitro,invite,intro
unisus,unicorn,Pegasus
alderperson,alderman,person
selepressin,selective,vasopressin
teaboo,tea,weeaboo
manorexia,man,anorexia
guavasteen,guava,mangosteen
Melason,Melai,Jason
bicelle,bilayer,micelle
sexplore,sex,explore
pultrusion,pull,extrusion
ludonarrative,ludology,narrative
manorexic,man,anorexic
tabsule,tablet,capsule
happenstance,happening,circumstance
carvoxime,carvone,oxime
podcat,podcast,cat
beetball,beet,meatball
maleimide,maleic,imide
downpressor,down,oppressor
Wholigan,who,hooligan
tanktainer,tank,container
Frexit,France,exit
wankster,wannabe,gangster
hijabista,hijab,fashionista
sima,silicon,magnesium
multislack,multitask,slack
penicylinder,penicillin,cylinder
beneffectance,beneficence,effectance
sexplorer,sex,explorer
yamogenin,yam,sapogenin
Janglish,Japanese,English
edjewcation,education,Jew
academented,academic,demented
lypressin,lysine,vasopressin
manizer,man,womanizer
Movember,mo,November
dicktionary,dick,dictionary
scientifiction,scientific,fiction
fancast,fan,broadcast
dorkus,dork,doofus
busjacking,bus,hijacking
vegeculture,vegetable,agriculture
aprium,apricot,plum
lifecasting,life,casting
interpassive,interactive,passive
termbase,term,database
returnship,return,internship
hunormous,huge,enormous
twincestuous,twin,incestuous
fooligan,fool,hooligan
lysopine,lysine,octopine
ripperoni,RIP,pepperoni
eatertainment,eat,entertainment
harmolodics,harmony,melodics
maniverter,manifold,converter
rumortism,rumor,rheumatism
peacefaking,peacemaking,faking
facekini,face,bikini
retailtainment,retail,entertainment
brandcasting,brand,broadcasting
federast,federalist,pederast
autogas,automotive,gas
elastration,elastic,castration
parcelcopter,parcel,helicopter
pakodanomics,pakoda,economics
pettiloon,petticoat,pantaloon
spokesmodel,spokesperson,model
exergame,exercise,game
restobar,restaurant,bar
streetscaping,street,landscaping
metalbilly,metal,rockabilly
symplectomorphism,symplectic,isomorphism
mobilome,mobile,genome
scrummy,scrumptious,yummy
funemployment,fun,unemployment
Obamanation,Obama,abomination
emocore,emotional,hardcore
craftivism,craft,activism
trixel,triangle,pixel
grassture,grass,pasture
hackaround,hack,workaround
epicurious,epicurean,curious
flimmer,flicker,glimmer
oiligarchy,oil,oligarchy
skiddie,script,kiddie
eyeborg,eye,cyborg
weddingmoon,wedding,honeymoon
greensome,green,foursome
lemonime,lemon,lime
ruralpolitan,rural,metropolitan
memcapacitor,memory,capacitor
truckwit,truck,fuckwit
reprotoxic,reproduction,toxic
underguesstimate,underestimate,guesstimate
intactivism,intact,activism
twigil,twin,sigil
catitude,cat,attitude
anicom,animated,sitcom
shopgrift,shoplift,grift
cardistry,card,artistry
echoplex,echo,duplex
parclo,partial,cloverleaf
pupkus,puppy,mucus
scanlator,scan,translator
nagavator,nag,navigator
sexhibition,sex,exhibition
scrunch,crunch,squeeze
cobalamin,cobalt,vitamin
glycogenesis,glycogen,genesis
adultescent,adult,adolescent
mystory,my,history
advergame,advertisement,game
metaquotidian,metaphysical,quotidian
ubistatin,ubiquitin,statin
identicon,identity,icon
Mexifornication,Mexican,Californication
bikelash,bike,backlash
artilect,artificial,intellect
Chimperor,chimp,emperor
killfie,killie
blargon,blog,jargon
Mouseketeer,mouse,musketeer
gaytopia,gay,utopia
televangelism,television,evangelism
cruck,crutch,crook
glasphalt,glass,asphalt
sactibiotic,sactipeptide,antibiotic
radicool,radical,cool
slimplectic,slim,symplectic
seaquarium,sea,aquarium
munted,munter,munter
solargraph,solar,photograph
buttlegging,butt,bootlegging
mereotopology,mereology,topology
hyperbolike,hyperbolic,like
carefrontation,care,confrontation
geriaction,geriatric,action
procrasturbation,procrastination,masturbation
cabulance,cab,ambulance
polyvidone,polyvinyl,pyrrolidone
Walrussia,walrus,Russia
haycation,hay,vacation
coachwhip,coach,whip
metaproteome,metaprotein,genome
Israhelli,Israeli,hell
eggetarian,egg,vegetarian
erom,erotica,romance
abortuary,abort,mortuary
integraph,integral,graph
bleisure,business,leisure
sadfishing,sad,catfishing
genographic,genetic,geographic
vestock,vest,stock
randumb,random,dumb
sporabola,spore,parabola
camelestrian,camel,equestrian
chobble,chew,gobble
fluff,floow,flough
mitophagy,mitochondrial,autophagy
atomechanics,atom,mechanics
Catalexit,Catalonia,exit
compansion,compression,expansion
vomitoxin,vomit,toxin
navaid,navigational,aid
ramscoop,ramjet,scoop
loctician,locks,beautician
docufantasy,documentary,fantasy
Westralian,western,Australian
cricondentherm,critical,condensation
smishing,SMS,phishing
sping,spam,ping
backcast,back,forecast
wobbulator,wobble,oscillator
poptail,popsicle,cocktail
glibertarian,glib,libertarian
Westoxification,West,toxification
indel,insertion,deletion
artpreneur,art,entrepreneur
balisword,balisong,sword
homeshoring,home,offshoring
gridlers,grid,riddlers
strawpedo,straw,torpedo
eggstravaganza,egg,extravaganza
driveshed,drive,shed
pornocopia,porn,cornucopia
chocolicious,chocolate,delicious
foodlegger,food,bootlegger
Tinderella,Tinder,Cinderella
flairtending,flair,bartending
straintronics,strain,electronics
pineberry,pineapple,strawberry
prostasphere,prostate,sphere
grapholect,grapheme,dialect
spoonula,spoon,spatula
neatball,nut,meatball
doomsdate,doomsday,date
mocktini,mock,martini
treggings,trousers,leggings
glowboy,glow,boy
atrogene,atrophy,gene
covidiot,COVID,idiot
poperatic,pop,operatic
beeramid,beer,pyramid
frunk,front,trunk
fanslation,fan,translation
skurf,ski,surf
hacktivist,hack,activist
framily,friend,family
throffer,threat,offer
glip,glide,skip
daymare,day,nightmare
amtrac,amphibious,tractor
garlion,garlic,onion
Menver,men,Denver
manumation,manual,automation
salsatheque,salsa,discotheque
marmalize,marmalade,pulverize
droodle,drawing,doodle
folktronica,folk,electronica
meeple,my,people
phreak,phone,freak
chuman,chimpanzee,human
Chicagorilla,Chicago,gorilla
dognapping,dog,kidnapping
advermation,advertisement,information
foodflation,food,inflation
mockamole,mock,guacamole
tweenager,between,teenager
doculect,document,lect
procraltruism,procrastination,altruism
schmooseoisie,schmooze,bourgeoisie
Neveruary,never,January
diagrid,diagonal,grid
phinary,phi,binary
glitten,glove,mitten
baffound,baffle,confound
Trekiverse,trek,universe
warmedy,warm,comedy
mobilecasting,mobile,broadcasting
piglice,pig,police
vaginamony,vagina,alimony
splatterday,splatter,Saturday
cyberbole,cyber,hyperbole
eggcellent,egg,excellent
mangenue,man,ingenue
softlifting,software,shoplifting
swimnastics,swim,gymnastics
Afrabia,Africa,Arabia
thoughtograph,thought,photograph
fauxmosexual,faux,homosexual
homosexless,homosexual,sexless
sportswashing,sports,whitewashing
shunpike,shun,turnpike
cetrimide,cetrimonium,bromide
nuclearite,nuclear,meteorite
craplication,crap,application
Negrobilia,negro,memorabilia
lamestream,lame,mainstream
osturducken,ostrich,turducken
threequel,three,sequel
womanager,woman,manager
stroad,street,road
unitard,uni,leotard
brocialist,bro,socialist
scanxiety,scan,anxiety
scuzzy,scummy,fuzzy
insultant,insult,consultant
silcrete,silica,concrete
fivever,five,forever
vokills,vocals,kills
roval,road,oval
disinfotainment,disinformation,infotainment
halfmer,half,polymer
mantuary,man,sanctuary
hopenosis,hope,hypnosis
broast,broil,roast
fabulicious,fabulous,delicious
purplewashing,purple,whitewashing
gorpcore,gorp,normcore
Kensucky,Kentucky,sucky
brandscaping,brand,landscaping
occultural,occult,cultural
hypnodelic,hypnotic,psychedelic
basketbrawl,basketball,brawl
phub,phone,snub
modacrylic,modified,acrylic
froot,front,boot
gigundous,gigantic,humungous
vagenda,vagina,agenda
gentleboy,gentleman,boy
ringoal,ring,goal
migradollar,migrant,dollar
seatainer,sea,container
plutodemocracy,plutocracy,democracy
spendicitis,spend,appendicitis
crimmigration,criminal,immigration
sismance,sis,romance
stockateer,stock,racketeer
teleplay,television,screenplay
carborexia,carbon,anorexia
booklegger,book,bootlegger
polymersome,polymer,liposome
snarge,snot,garbage
guggulipid,guggul,lipid
maniverse,many,universe
sterolome,sterol,genome
cablevision,cable,television
designerati,designer,literati
Cambozola,camembert,gorgonzola
ceramal,ceramic,alloy
dreadhawk,dreadlocks,Mohawk
perzactly,precisely,exactly
maltitude,midpoint,altitude
Islamocratic,Islam,democratic
Evernet,ever,Internet
bullshido,bullshit,bushido
pneudraulics,pneumatics,hydraulics
romantopia,romance,utopia
scanlate,scan,translate
zitcom,zit,sitcom
pignapper,pig,kidnapper
emotronica,emo,electronica
mahoosive,massive,huge
ovonics,Ovshinsky,electronics
clipnosis,clip,hypnosis
dormantory,dormant,dormitory
webtop,Web,desktop
entropology,entropy,anthropology
piffle,piddle,trifle
compander,compressor,expander
bistronomy,bistro,gastronomy
humidex,humidity,index
wombyn,womb,womyn
splendiloquent,splendid,eloquent
snarf,snort,scarf
sextremism,sex,extremism
Afropean,African,European
snazztastic,snazzy,fantastic
plandemic,plan,pandemic
gerontechnology,gerontology,technology
camborthid,cambic,orthid
jazzerati,jazz,literati
buckraker,buck,muckraker
vinylogue,vinyl,homologue
mansformation,man,transformation
finstagram,fake,Instagram
copyfighter,copyright,fighter
Cheaster,Christmas,Easter
hiptop,hip,laptop
caipivodka,caipirinha,vodka
aptronym,apt,patronym
flunk,flinch,funk
turncurtovirus,turnip,curtovirus
imposex,imposed,sex
fatkini,fat,bikini
graphon,graph,function
schooliosis,school,scoliosis
appletini,apple,martini
lavacicle,lava,icicle
ketenimine,ketene,imine
banilla,banana,vanilla
muzrat,muzzie,rat
mirabolic,miraculous,parabolic
juvenoia,juvenile,paranoia
Finndian,Finn,Indian
Jailtacht,jail,Gaeltacht
telco,telephone,company
velfie,videoie
anecdotard,anecdote,dotard
folkadelic,folk,psychedelic
fagazine,fag,magazine
treelogy,tree,trilogy
plap,plash,flap
roadeo,road,rodeo
alternateen,alternative,teen
swoose,swan,goose
infiniverse,infinite,universe
banjolele,banjo,ukulele
infobesity,info,obesity
computeracy,computer,literacy
nutpick,nut,pick
growlf,growl,woof
humongous,huge,monstrous
lexicase,lexical,case
puppychino,puppy,cappuccino
blowbang,blowjob,gangbang
coasteering,coast,mountaineering
peninitial,penultimate,initial
Africoon,African,coon
friendiversary,friend,anniversary
femmunist,feminist,communist
freetard,free,retard
cybernation,cybernetic,automation
prizzly,polar,grizzly
squircular,square,circular
frogamander,frog,salamander
doga,dog,yoga
swellegant,swell,elegant
defeatocrat,defeat,Democrat
mancubine,man,concubine
momoir,mom,memoir
neuticles,neuter,testicles
joggler,jogger,juggler
wreckreation,wreck,recreation
hobohemian,hobo,bohemian
pornotopia,pornography,utopia
poliovirion,poliovirus,virion
brojob,bro,blowjob
chocoholic,chocolate,alchoholic
infotainment,information,entertainment
bit,binary,digit
babelicious,babe,delicious
glimmer,gleam,shimmer
installfest,installing,festival
linearithmic,linear,logarithmic
flare,flair,glare
shepherd,sheep,herder
splatter,splash,spatter
squander,scatter,wander
stash,store,cache
velcro,velvet,crochet
imagineer,imagine,engineer
grapple,grape,apple
popsicle,pop,icicle
gastropub,gastronomy,pub
spam,spiced,ham
chug,chihuahua,pug
patsy,pit bull,husky
horgi,husky,corgi
coywolf,coyote,wolf
athleisure,athletic,leisure
twerk,twist,jerk,
rageaholic,rage,alchoholic
mansplain,man,explain
silk,soy,milk
froyo,frozen,yogurt
shero,she,hero
Mcmansion,mcdonalds,mansion
shopaholic,shop,alchoholic
exhaustipated,exhausted,constipated
clapter,clapping,laughter
clapter,clap,laughter
snough,sneeze,cough
grampers,grandpa,pampers
snobnoxious,snobby,obnoxious
snobnoxious,snob,obnoxious
shoperone,shop,chaperone
pigloo,pig,igloo
epipen,epinephrine,pen
neek,nerd,geek
obamunism,obama,communism
obamunist,obama,communist
academentia,academia,dementia
acroyoga,acrobatic,yoga
actornaut,actor,astronaut
animanga,anime,manga
architourism,architecture,tourism
auncle,aunt,uncle
babymoon,baby,honeymoon
artivism,art,activism
barococo,baroque,rococo
bigature,big,miniature
birthquake,birthday,earthquake
blacktivist,black,activist
blacktress,black,actress
blandsome,bland,handsome
